vessel (use underscores),"Status (as June 24, 2020",region,Issue,proposed visit,Techs,Vessel#,Funding,Program,Captain/Owner,email address,phone,Port,Visit_Dates,Aquatec-SN,Lowell-SN,logger_change,Current ESN,AP3 Batch,Other ESNs used,wifi?,wants weather?,"Notes (see ""visit review"" tab historical notes)",add mail address!,LI Firmware,image_file},Fixed vs. Mobile,RaspPi_version,length of vessel,Other Captain,Other Captain phone,weather_code
Mystic,operational,CC,"
",,Dom,8,eMOLT9,SF,Stephen Welch,welchstephen@comcast.net,781-422-1084,MA Hyannis,"5/15, 7/15, 7/15,2/16,12/16,1/17,7/17 ,4/18,11/2018,5/15/2019,5/29/2019",1724-9,"?,7ae3,7aca","5/1/2015, 4/27/2018,6/8/2018",300234063370530,Nov 2015,"6206, 6704, 370530",yes,yes,6/19/20: he is switching to squid in late Apr 2020; The area to place the logger pipe in is too small. our pipe is so big that cannot fit in,"76 Tower Hill Drive, Hanover, MA, 02339",,"getmatp_20190305,",Mobile,,,,,
Ellen_Diane,operational,NS,not sure if he is rebooting,,Dom/Cassie,2,OTT,SF,Dave Goethel,egoethel@comcast.net,617-966-4605,NH Hampton,"6/15,5/16,2/17,6/18/2019",1724-31,4dc4ff ,6/18/19,300234063379500,Nov 2015,"6206, 379500",no,yes,"6/18/19: Installed lowell system, uninstalled aquatech","23 RIdgeview Terrace, Hampton, NH 03827",,detect_newfile,Mobile,,,,,
Virginia_Marise,AP3_issue,RI,,,Calvin,3,eMOLT9,SF,Rodman Sykes,crfisheries@gmail.com,401-225-9985,RI Pt Judith,"6/15,9/15,2/17 12/17,01/18,02/18,03/18,6/18,7/18,1/19,3/19,7/19,11/8/2019,06/17/2020","1724-28,81,52,84","7ad5,7abd,7ad7,7ae6,7acf,7ad6","6/1/2017,1/18/2018,1/25/2018,4/17/2018,6/21/2018,7/18/2018",300234067292950,Jun 2019,"6134, 616040",yes,?,"Micro sd card is broken , replace a new one with raspberry pi 3b+. logger cf is leaking, replaced by 7ad6. charged d6. installed package ""psutil""","Box 242, Peace Dale, RI, 02883",1.7.29,"getmatp_20190319,",Mobile,,,,,
Lisa_Ann_III,operational,NS,,,Gio,5,eMOLT9,SF,Jim Ford,lisaanncod@gmail.com,978-479-7014,MA Newburyport,"7/2015,9/15,11/15,5/16,3/18,5/18,7/18，9/18,10/18,9/11/2019,10/23/2019",1724-49,"7ada,6c751b,","3/7/2018,12/05/2019",300234063372540,Jan 2018,"6770, 611620",yes,yes,12/5/2019 change logger to 6c751b; 6/24/2019 Pi micro-sd card failed so we sent him a new one; AP3 voltage falling. 4/17 tentatively planning Friday visit; 4/10: Consistent with no sun to charge unit (falling slowly since 3/15 when installed),140 Willow Rd. East Kingston NH 03827,1.8.68,getmatp_weather,Mobile,3,,,,weather_plots2_2
Dyrsten,needs attention,NJ,too big for bluetooth range/Lowell System. Waiting for BT5. Huanxin visit soon?,,Pete/Josh,4,eMOLT10,SF,Leif Axelson    ,fvdyrsten@yahoo.com,609 374 6636,MA Gloucester,"7/15,8/15,12/15,5/16,11/14/2018",1724-64,"7af6?, 7ae2,7aF6",,300234065618880,Jan 2018,"6775, 618880",yes,yes,"Very long distance from doors, about 120feet",,,detect_newfile,Mobile,,,,,
Mister_G,needs attention,RI,needs manual trigger; AP3 7.3 volts,,Calvin/Elizabeth,6,eMOLT10,SF,Mike Marchetti,fvmisterg@gmail.com,401-742-7028,RI Pt Judith,"7/15,9/15,2/17,6/17,02/18,01/19,02/05/2019","1724-44,46,18,70",,"?,8/1/2018",300234065610720,Jan 2018,"6204, 610720",yes,yes,1/2019 aquatec Logger is not on the gear & need magnet each time,"3119 Post Road, Wakefield, RI 02879",,detect_newfile,Mobile,,,,,
Illusion,needs attention,RI,New installation needs codes_temp,,Dom/Calvin,9,eMOLT10,SF,Mark Phillips,mark.st.phillips@gmail.com,516-361-3253,NY Greenport,"7/15, 7/15, 11/15,2/16(2),11/17,11/17,11/27/2018,11/30/2018,1/30/2019,3/27/2019,7/15/2019,8/16/2019,6/17/2020","1724-18,41(?) 1724-15, 68, 71",4dc572,6/17/2020,300234066882090,Jan 2018,"618590,616910,300234066584590,300234063377520",yes,"done,replaced on 9/10/2018, weather is not working on 11/27/2018","Need to replace weather station, replaced ap3 from 018590 to 616910, Calvin needs to install new Aquatec in Sep 2019; Huanxin replaced cable and AP3 in Aug 2019:Calvin swapped out AP3 on 15 July","210 Atlantic Ave, Greenport, NY, 11944",,detect_newfile,Mobile,,,,,weather_plots2_1
Elizabeth_Katherine,needs attention,RI,Can we get new laptop for Aquatec?,,Calvin,7,eMOLT10,SF,Steve Arnold,Kintrawler1@verizon.net,401-639-6335,RI Pt Judith,"8/15,9/15,2/16(2),2/17,9/16,11/27/2018,1/30/2019,3/27/2019","1724-7, 1724-35,1724-9",,,300234065803750,July 2018,372570,yes,yes,"very few transmissions in Fall 2017, The laptop on E&K is very slow, need to delay ""detect new file"" to read the new file. Need to rewrite ""wifi.py"" to upload files by wifi","2000 Blueberry Ln, W. Kingston, RI, 02892",,detect_newfile_noaa,Mobile,,,,,
Sao_Paulo,operational,NB,,,Gio,11,eMOLT10,SF,Tony Borges,isabelborges61@yahoo.com,508-441-7560,MA New Bedford,"9/15,11/17,1/18,2/18,3/18,4/18,6/18,9/18,7/25/2019,9/6/2019,9/23/2019",1724-27,"7adb,7abd,7ac5,7ae0,7adf,3d7ac5","1/1/2018,2/2018,3/2018,6/2018,9/2018,9/23/2019",300234065310310,Jan 2017,"314150, 410040",yes,?,Huanxin replaced probe after pressure sensor failed in Sep 2019; check connection between AP3 and Ap3 cable on next visit,"62 Aquidneck St., New Bedford, MA, 02744",1.7.29,"getmatp_20190915,",Mobile,,,,,
BantryBay,probe_issue,NS,"Aquatec failing, Erin  mailed new unit.",,Gio,12,eMOLT10,SF,Dan Murphy,fvbantrybay@hotmail.com,978 397 1772,MA Gloucester,"11/15,5/16,11/14/2018,5/10/2019",,,,5987,AP2,5987,,yes,had unplugged AP2 in 2018 and again in 2019; episodic transmission in Fall 2017,"14 Ledge Rd. Hudson, NH 03051",,detect_newfile,Mobile,,,,,
Mary_K,needs attention,NB,potential power cord issue,,Dom,16,eMOLT10,SF,Henri Franco ,,508-889-8606,MA New Bedford,"7/17,8/2017,9/2017,12/17,1/18,2/18,4/18,6/18, 10/18，12/18,01/19,7/19,7/25/2019,10/11/2019,11/14/2019,2/14/2020,6/29/2020",,"?,7ae1,7ad3,7ade,7abd,7ac5,5a842f,3d7ae9,6c7615","7/1/2017,2/2018,3/2018,4/2018,6/25/2018,12/21/2018,3/14/2019,10/11/2019,2/14/2020",300234063376670,Nov 2015,376670-AP3,n,,"Logger ""5a842f"" is coming to Carlson ln; pressure of logger c5 has problems, replaced by ""5a842f"";swapped doors so probe off, Dom has logger","115 Osborne Street, New Bedford, MA 02740",1.7.29,"getmatp_20191011,",Mobile,,,,,
Linda_Marie,AP3_issue,RI,low AP3 voltage,Summer 2020?,Calvin,17,eMOLT10,SF,"Robert ""Jon"" Dougherty",fvlindamarie@gmail.com,401-787-4009,RI Pt Judith,"9/17,10/17,03/18,6/18,9/10/2018,11/27/2018,1/16/2019,1/30/2019,11/9/2019,1/27/2019",,"7ae6,7af9,7ad6,7ae3,5a842f","9/1/2017,1/26/2018,4/2018,6/8/2018,11/8/2019",300234067992810,Jun 2019,"314250-AP3,300234065614100",yes,,,"1230 Wordens Pond Rd, Charlestown, RI, 02813",1.7.29,"getmatp_20190114,",Mobile,,,,,
Wendy_Lee,operational,NS,last requested 5/2020,,Cassie,18,OTT,GOMLF,Pete Flanigan,pfgrnflsh@aol.com,603-964-5353,ME Kittery,"11/17, 2/18, 10/5/18,1/22/19, 3/22/19",,"7ac5,7aee","10/1/2018,12/18/2018",300234065415170,July 2018,310310,no,,"10/11: still has block signal issue, need to change pi location; 4/25: probe is back in harbor and will be charged by Peter3/19: new AP3 and cable installed. Software updated. Probe was at sea - will probably need recharge soon!",,?,getmatp_20190305bplus,Fixed,,,,,
Resolve,operational,CC,,,Huanxin,14,OTT,GOMLF,Rob Martin,loricaron3@aol.com ,617-710-6322,MA Sandwich,"12/16,1/17,4/17,5/17,6/17,8/17,5/18,7/18,7/18,8/18,12/2018,1/4/2019,5/14/2019,5/24/2019,5/30/2019,6/4/2019,8/16/2019,11/4/2019",,"7a31,7a34,7ad7,7ae9,7ae6","9/1/2017,9/1/2017,5/30/2018,7/3/2018,1/4/2019",300234065618910,Jan 2018,618910,yes,yes,give logger E6 back to captain,"392 Route 6a, Sandwich, MA 02537",1.7.29,getmatp_20190305bplus,Fixed,,,,,
Excalibur,operational,RI,recharged at dock in June 2020,,Aubrey,19,OTT,CFRF,Jim Violet,jvjv89@msn.com,401-714-3433,RI Newport,"5/18/2018,7/2018,9/2018,1/16/2019,4/30/2019,1/27/2020,06/17/2020",,"7aee,7ade,4dd22f","05/21/2018,7/18/2018,3/27/2019",300234065809960,Jan 2018,"619620,300234065416050",yes,,"Gave Captain this logger 4dd22f ,but the original logger 7ADE is still on boat.   1/2019 probe needs charge; 10/2018 need to ask Aubrey or captain Jim to mail the logger ""ee"" back, connection of transmitter '619620'  is broken","155 Windham Hill Rd, Middletown, RI, 02842","1.7.29,1.8.68","getmatp_20190319,",Fixed,,,,,
Nicole_Leigh,operational,ME,raw data in June 2020; request in May,Summer 2020?,Gio/Aaron,20,OTT,GMRI-EM,Dana Hammond ,hammond@tidewater.net,207-380-9169,ME Portland,"8/1/2018/,10/26/2018,1/22/2019,5/10/2019",,7b17,8/1/2018,300234065613890,Jan 2018,616910,n,,JiM emailed 4/9/2020; Aaron will swap to other doors to get better reception; We replaced cable of ap3 in ~2018,"386 Split Rock Road, PO Box 39, New Harbor ME, 04554",,getmatp_20190305bplus,Mobile,,,,,
Tenacious_II,AP3_issue,CC,raw data in June 2020; JiM emailed  6/8 &6/22,,Gio/Aaron,21,OTT,CCFA,Eric Hesse,e.hesse@comcast.net,508-364-1100,MA Dennis,"10/12/2018,10/31/2019",,7ad7,10/12/2018,300234065619600,Jan 2018,619600,yes,yes,,"53 Meadow Lane, West Barnstable MA 02668",1.7.29,getmatp_20181012,Fixed,,,,,
Lady_Claire,operational,RI,in yard with new owner Joe Clancy,Summer 2020?,Aubrey,23,OTT,CFRF,John Peabody,jpeab6375@gmail.com,401-932-1758,RI Pt Judith,"11/30/2018,1/30/2019,3/27/2019,4/23/2019,5/22/2019,6/5/2019",,4dd236,11/30/2018,300234066784630,Nov 2018,"613630, 300234065612750,300234066884020",no,,getmatp is updated,"89 Albro Lane, Wakefield, RI, 02879",1.8.68,"getmatp_20190411,",Fixed,,,,,
Finlander II,needs attention,NS,probe is still on doors off the vessel as of 5 Feb but expected back on in March 2020,Summer 2020?,Aaron,24,OTT,GMRI-EM,Tim Ryder,tim@newenglandfishmongers.com,603-953-5515,MA Gloucester,12/10/2018,,4dd242,12/10/2018,300234065610530,Jan 2018,610530,yes,,,"26 Evergreen Dr, Saco, ME 04072",1.8.68,getmatp_20181209,Mobile,,,kayla (office),978-412-5557,
Proud_Mary,AP3_issue,RI,raw data in June 2020,Summer 2020?,Gio,25,OTT,GMRI-EM,Chris Brown,seabrown58@gmail.com,401-741-1161,RI Pt Judith,"2/8/2019, 3/6/2019,5/22/2019,12/9/2019,1/27/2020,06/17/2020",,4dd26a,2/8/2019,300234066680540,Nov 2018,,yes,,"ap3 is not working;Tie wrap is not strong, need to be replaced","35 Erica Court, West Kingston, RI 02892",1.8.68,"getmatp_20190305,",Mobile,,,,,
Alicia_Ann,not_fishing,CC,"JiM emailed 4/9, 6/8 &6/22/2020, no ap3 reports",Summer 2020?,Gio/Aaron,26,OTT,GMRI-EM,Greg Walinski,gfw16@msn.com,978-621-7897,MA Dennis,"2/15/2019,5/15/2019,2/27/2020",,4dd2ab,2/15/2019,300234065418000,Nov 2018,300234065516440,yes,,George will visit him in late Sept 2019 to check the system; charged probe May 2019; Long line;5/13: planning visit;4/17: We got raw data so we know probe is working (eliminates probe crash theory). 4/16: tentatively planning thurs morning visit; 4/10: AP3 issue appears to have happened on 2/22 or 2/23 that caused reports without position and for voltage to drop from 8.1 on 2/22 to 7.3 on 3/3.,"41 Lower Brook Rd, South Yarmouth, MA 02664",1.8.68+7dm,"getmatp_20190215,",Fixed,,,,,
Tribiah_Lee,probe_issue,NS,Dan plans to charge it in mid-Feb 2020,Summer 2020?,Cassie/Erin,27,OTT,GOMLF,Dan Murphy,fvbantrybay@hotmail.com,978 397 1772,NH Hampton (and MA Gloucester),"3/15/19, 3/22/19, 3/28/19,6/19/2019,2/27/2020",,"4dc007(red light), 4dc565(red light, repaired)","3/15/19, 3/22/19, 3/28/19 removed, 6/19/19 reinstalled",300234068008080,Nov 2018,300234065715100,yes,,"Nov 2019: JiM talked with him he said he is switching to scallops in December August 2019: sent probe with updated firmware. awaiting deployment (was red light issue)6/19/2019: installed on drag doors. 3/2019: Put on Scallop dredge,will move probe to his dragging gear when he shifts gear","14 Ledge Rd. Hudson, NH 03051",1.8.68+7dm,getmatp_20190305bplus,Mobile,,,Robert - first mate,978-406-5764,
Dawn_T,probe_issue,CC,"JiM emailed 6/8/20; previous email says ""no light on charged probe"" ",Summer 2020?,Aaron/Gio,28,GMRI,GMRI-EM,Nick Muto,mutonic@aol.com,508-527-9538,MA Chatham,"3/19/2019, 5/15/2019,7/9/2019",,"4dc572,6C760C",3/19/2019,300234065512550,Nov 2018,300234066685560,yes,,JiM emailed 3/4 and 3/26 and 4/9/2020 and finally got reply; Gill-net; sometimes ties up in Harwich in Winter logger is tied into anchor line above the chain,"9 Hinkle Lane Orleans, MA 02653",1.8.68+7dm,getmatp_20190609bplus,Fixed,,,Tim Linnell,774-722-1724,
Lady_Rebecca,needs attention,NS,"Joe hasn't been deploying it,gps puck or probe? AP3 is inboard. not in harborlist,",,Aaron/Cassie/Gio,29,GMRI,GMRI-EM,Joe Letourneau,sustainablefisheriesLLC@gmail.com,978-265-8967,MA -Newburyport,"3/20/2019,6/19/2019",,"4dd27a, 4dd24e","3/20/2019, 6/19/19",300234066587460,Nov 2018,300234065418050,no,,"6/19/19: visited boat to turn on AP3 and switch probe (battery dead), still not fishing but plans to soon. DATE UNK: Jig, will be in water in april","114 Colby St. Haverhill, MA",1.8.68,,Mobile,,,,,
Finlander_I ,retired,NS,"boat is being sold, Aaron has the system and Gio has the probe.",,Aaron/Cassie/Gio,30,GMRI,GMRI-EM,Tim Ryder,tim@newenglandfishmongers.com,603-953-5515,ME- Eliot,"3/21/2019,4/19/2019,6/25/2019",,4dd23d,3/21/2019,300234065319190,Nov 2018,,yes,,"Aaron visited 6/25 and found towifi folder had been accidently moved into the gps_location folder and a probe with no light.Jig, will fish 3/25. Aaron updated control_file in May and then fixed the towifi directory problem in June 2019","26 Evergreen Dr, Saco, ME 04072",1.8.68+7dm,getmatp_20190305bplus,Mobile,,,Kayla (office),978-412-5557,
Fremantle_Doctor,RPi_issue,NS,JiM emailed June 2020. Huanxin sent Pi after we took it off in early 2020;,Summer 2020?,Erin and Cassie,31,OTT,GOMLF,"Mike Tupper, Jr",freemantle4@verizon.net,978-857-6262,MA Gloucester,5/21/19,,4dc4f2,5/21/19,300234066889110,Nov 2018,none,yes - personal hotspot,,Dec 2019: He sees data (we think) but AP3 and more frequent Wifi connection is needed; Oct 2019: Jim talked with him ... he is seeing the data but we didn't get requests;   May 2019: Lobster year round,"78 Squam Rd, Rockport MA 01966",UNK,Version 4/11/19,Fixed,,42 feet,none,,
Lina_Rose,not_fishing,ME,"Jim emailed after he  went fishing again 4/18/2020, did he haul yet?Erin installed 6/26. First request 7/12. last request 9/30,",,Erin  ,32,OTT,GOMLF,Jim Barclay,fvlorelei2012@hotmail.com,207-522-6817,ME Harpswell,6/26/19,,4dc007,6/26/19,300234067164000,Feb 2019,,no,,Installed 6/26/19. ,"PO BOX 291, Harpswell ME 04079",UNK,version 4/2019,Fixed,,42 feet,,,
Dorcas_Anne,not_fishing,ME,JiM emailed 4/24/20; fixed the setup at the forum,,Erin,33,OTT,GOMLF,Josh Miller,jmiller10000@hotmail.com,207-691-9919,ME Tenants Harbor,6/27/19,,4dd249,6/27/19,300234065416000,Nov 2018,,no,,"Dec 2019: Is it in ""test"" mode to explain rebooting? last requested Oct 19; Installed 6/27/19",UNKNOWN,UNK,version 4/2019,Fixed,,34 feet,,,
Debbie Sue,AP3_issue,RI,"Apr 2020: JiM sent email,the pi cannot reach the logger by the door block; Dec 2019: AP3 sending request even the boat is in the harbor.",Summer 2020?,"Calvin,Walter",34,eMOLT10,SF,Troy Sawyer,tsawyer9849@aol.com,401-741-5551,RI Pt Judith,"7/16/2019,8/13/2019,8/28/2019,12/9/2019,2/5/2020",,3d7ade,7/16/2019,300234066589390,Nov 2018,300234067396130,no,,Sep 2019: relocating Pi works but he might also relocate the probe on the door:,"181 Macarther Blvd, Wakefield, RI 02879",1.7.29,version 4/2020,Mobile,,,,,
Charger,needs attention,CC,plan rockblock,Summer 2020?,Huanxin,35,OTT,GOMLF,Phil Michaud,philmich10@aol.com,5087768569,MA Hyannis,"7/31/2019,8/8/2019,9/13/2019,10/18/2019,11/18/2019,6/24/2020",,6c7517,7/31/2019,300534060919620,Nov 2018,300234066481270;300234065418050,no,,"10/18 back to work ;Ap3 is only red light, bring the 300234066481270 back.","PO Box 102, Sandwich, MA 02561",1.8.68+7dm,,Mobile,,,,,
Michelle_Jean_II,operational,CC,,,Huanxin,36,OTT,GOMLF,Lenny Michaud,scallops21@gmail.com,508-364-5977,MA Sandwich,"8/16/2019, 10/4/2019,11/4/2019,2/29/2020",,"4dd290,4dd290","8/16/2019,9/6/2019",300234066587390,Nov 2018,,no,,,"2 oak Ridge Road,East Sandwich,MA,02537",1.8.68+7dm,,Mobile,,,,,
Virginia_Marie,operational,CC,needs to deploy shallower,,Aubrey,37,OTT,CFRF,Bob Colbert,Bobcolbert1@gmail.com,"508-737-9537, Bob owner: (781) 831-4004",MA Sandwich,"9/6/2019,9/26/2019,10/4/2019,10/18/2018,10/28/2019",,4dc482,9/6/2019,300234066481990,Jun 2018,,yes,yes,"10/4/2019 The depth shows on Pi is different from the one on captain's record, 135 vs 172 fathom; cable is installed, there is a wifi need to be avoided to be connected; we will be revisiting after we get an extension cable in","P.O. Box 1049, Manomet, MA 02435",1.8.68+7dm,,Fixed,3,,"Mike, Tony, Tim",,
Adie_Alden,needs attention,ME,JiM sent email 4/24/20; hash tag removed ... Is he seeing data now?  AP3 may be an issue as well,,Erin,38,OTT,GOMLF,Brian Tripp,enginuity36@gmail.com,207-446-1810,ME Sedgewick,9/12/19,,4db705,fully charged 9/12/19,300234066788970,,300234066581260,no,,,"157 Carter Point Rd.  Sedgewick, ME 04676",1.8.76PBW+7,,Fixed,,38 feet,,,
Devocean,not_fishing,ME,JiM sent email 4/24/20; Sent request on 9/12/19 waiting for him to haul the probe again,,Erin,39,OTT,GOMLF,Jordan Drouin,jordan.drouin4810@gmail.com,207-271-1996,ME Cutler,9/13/19,,4DD225,fully charged 9/12/19,300234066889120,,,no,,,"278 Little Machias Rd.  Cutler, ME 04626",1.8.76PBW+7,,Fixed,,44 feet,,,
Tina Marie II,not_fishing,ME,"Sucessful download of good data, but AP3 still not sending a request, ",Propose to send new AP3,Erin,40,OTT,GOMLF,Mike Sargent,sargentmike7@gmail.com,207-460-1316,ME Steuben,9/12/19,,4DBFD1,fully charged 9/12/19,300234066783470,,,no,,May need to replace the AP3.  Check the picture of the control file.  I didn't change the connection interval to 1500 it's still at 60,"55 Bay View Dr. Steuben, ME 04680",1.8.76PBW+7,,Fixed,,42 feet,,,
Terri_Ann,operational,CC,,,Aubrey,41,OTT,CFRF,Marc Palombo,calicolob@comcast.net ,508-648-0261,MA Sandwich,1/7/2019,,"4dc02f,3d7abd",fully charged 6/20/2020,487220,,,,,,"4 Popes Meadow, Sandwich, MA 02563",,,Fixed,,,,,
Nathaniel_Lee,needs attention,RI,Aubrey fixed missing folder but we are waiting to see if the new probe works,,Aubrey,42,OTT,CFRF,David Spencer,drspencer1@gmail.com,401-465-9669,RI Newport,1/27/2020,,6c7510,1/15/2020,586530,Nov 2018,,no,,,,,,Fixed,,,,,
Lery_Charles,needs attention,CA,JiM sent long email 6/19/2020,Summer 2020?,JiM,43,OTT,GOMLF,Aldric dEon,acddeon@gmail.com,,NS Lower West Pubnico,,,"6c760d,4dd27a",4/29/2020,300234065414440,,300234066485560,,,"Sat-Fi problem, sent new system early April 2020; Alains in Pubnico",Scotia Harvest Inc,,,Mobile,,,,,
Brooke_C,operational,RI,went scalloping w/probe on trap,,Aubrey,44,OTT,CFRF,Peter Spong,,631-235-4053,RI Newport,2/5/2020,,6C750C,2/5/2020,300234067399040,Jun 2019,,no,,lobster boat,"208 Church Street, Bradford, RI 02808",,,Fixed,,,,,
Rolex,operational,CC,JiM asked if he is seeing plots 6/19/20,,"Owen,George",45,OTT,CCFA,Bob Dutra, dutrabob@yahoo.com,508-280-2642,MA Harwich,3/5/2020,,6c7614,3/5/2020,8445010,Feb 2020,,yes,,Muti gear boat,"6 meredith way, Harwich,MA,02645",1.8.76PBW+7,rock_getmatp_4,Mobile,,50,,,
Christy,needs attention,NJ,need to get old probes back,Summer 2020?,Josh,46,OTT,GOMLF,Rob Jarmol,rjarmol@gmail.com,302-236-9782,NJ Atlantic City,3/13/2020,,"6C7511,3d7ae2",,300234065618880,Jun 2019?,,,,clammer,"51 Osprey Ln, Ocean View, DE 19970",,,Mobile,,,,,
Adventure,retired,CC,System removed  by Owen but he might want to be refitted,,Owen/Huanxin,22,OTT,CCFA,Mike Russo,fixedgearfisheriesllc@gmail.com,774-801-8394,MA PTown,"11/9/2018,2/22/2019,4/20/2019,4/30/2019,5/16/2019,6/13/2019,7/3/2019,8/2/2019",,"7af9,4dbfbe","11/9/2018,5/5/2019",,Nov 2018,"614660,300234065809960,300234066485560,300234065618920",yes,yes,"8/2/2019,take off ap3 300234065618920 ;6/13/2019, replaced both ap3 cable,extension cable and ap3;5/5/2019,probe 7af9 is not working, replaced by '4dbfbe'. First trip not parsing lid file. Owen updated the software. Second trip AP3 failed on 4/30; 2/2019 probe needs charge and wifi upload (Captain may start to fish in March 2019)","60 Dory Lane, Eastham, MA 02642",1.7.29,"getmatp_20190407,",Fixed,,,,,
Flicka,retired,NJ,,,Pete,13,eMOLT10,SF,??,,609 972 1886,NJ Cape May,2/16(2),1724-43,,,n/a,,374730-AP3,,yes,,no longer with SF,,detect_newfile,Mobile,,,,,
Lady_Jane - Retired,retired,NS,,,Kevin/Caleb,15,eMOLT10,SF,"Russ Sherman, Dan(crew)",,508-783-2621,MA Gloucester,"9/17,10/17,11/17,11/17,02/18,5/18",,"7af9,7ac5,7ad5，7af9, no longer fish","9/1/2017,11/1/2017,02/21/2018,05/9/2018,8/1/2018",n/a,,319270,yes,,,no longer with SF,1.7.26,getmatp_20180509,Mobile,,,,,
,,,,,,,OTT Tracking Sheet,,,,,,,,,,,,,,,,,,,,,,,,
Aquatech systems in green,,,,,,,,,,,,,,,,,,,,,,,,,,,,,,,
,,,,,,,,,,,,,,,,,,,,,,,,,,,,,,,
,,,,,,,,,,,,,,,,,,,,,,,,,,,,,,,
"Note: All the gory details of this project are compiled in the ""project googledoc"" which has lots of discussion and links to other documents like the ""troubleshooting flowchart"" and ""project webpage"".",,,,,,,,,,,,,,,,,,,,,,,,,,,,,,,
project googledoc,,,,,,,,,,,,,,,,,,,,,,,,,,,,,,,
trouble shooting flowchart,,,,,,,,,,,,,,,,,,,,,,,,,,,,,,,
date last reported data,,,,,,,,,,,,,,,,,,,,,,,,,,,,,,,
leaflets display,,,,,,,,,,,,,,,,,,,,,,,,,,,,,,,
googledoc of googledocs,,,,,,,,,,,,,,,,,,,,,,,,,,,,,,,
Logger Inventory,,,,,,,,,,,,,,,,,,,,,,,,,,,,,,,
one page description,,,,,,,,,,,,,,,,,,,,,,,,,,,,,,,
To post traval review,,,,,,,,,,,,,,,,,,,,,,,,,,,,,,,